{
  "project_info": {
    "project_number": "848255549472",
    "firebase_url": "https://dbparcial2.firebaseio.com",
    "project_id": "dbparcial2",
    "storage_bucket": "dbparcial2.appspot.com"
  },
  "client": [
    {
      "client_info": {
        "mobilesdk_app_id": "1:848255549472:android:bd8caf3e2bae1b6d",
        "android_client_info": {
          "package_name": "com.utn.segundoparcial"
        }
      },
      "oauth_client": [
        {
          "client_id": "848255549472-e4jpvmb1rl2jvuq9i2oqujodk1bo24je.apps.googleusercontent.com",
          "client_type": 3
        }
      ],
      "api_key": [
        {
          "current_key": "AIzaSyAHdZwS5znvltnVFLffxZvrtbUM5veW0zo"
        }
      ],
      "services": {
        "appinvite_service": {
          "other_platform_oauth_client": [
            {
              "client_id": "848255549472-e4jpvmb1rl2jvuq9i2oqujodk1bo24je.apps.googleusercontent.com",
              "client_type": 3
            }
          ]
        }
      }
    }
  ],
  "configuration_version": "1"
}